{"y":{"mxreg1":[4.126917422192159],"omega":[3.7518776698709746e-13],"vxreg1":[0.003065720227391391],"skew":[-0.9210176603875563],"shape":[2.49464120223805]},"beta_1":{"ar1":[1.0000000099999998],"mxreg1":[-0.02275872560195719],"omega":[0.000010163449853038491],"alpha1":[0.052721726718780979],"eta21":[4.169601486913999],"skew":[0.4444265330641464],"shape":[0.010001993154534718]},"beta_2":{"mu":[-0.027557677560458576],"ar1":[0.6311216335810949],"ar2":[0.4175486179205461],"mxreg1":[0.2862731766160715],"mxreg2":[1.4551252335923529],"omega":[1.2032585616072295e-8],"alpha1":[0.025382784793706673],"eta21":[-3.6633242856437335],"skew":[0.2282104774556697],"shape":[2.4999958615769289]},"beta_3":{"mu":[0.26081043433855968],"ar1":[1.0000000099999998],"mxreg1":[0.08466642492052416],"mxreg2":[-0.23133704630374184],"mxreg3":[0.556547608546296],"omega":[0.00005330051937409126],"alpha1":[0.5967639206126877],"eta21":[0.11252712494027767],"skew":[0.6273221167763794],"shape":[1.641632991747971]},"beta_4":{"mu":[-0.003716939557921967],"ar1":[0.5177778454905958],"mxreg1":[0.09462894867940854],"omega":[0.0000439820673407181],"alpha1":[0.7273827103635555],"eta21":[-0.6110787846350143],"skew":[0.48091893761660106],"shape":[0.24113150215285077]},"beta_5":{"mu":[-0.09917561420607746],"ar1":[0.679797538788685],"ar2":[0.19666655017609434],"mxreg1":[0.2770446436287236],"mxreg2":[0.07246539897100837],"omega":[0.0000025694085293208497],"alpha1":[0.34435864427292448],"eta21":[-1.4315118795501607],"vxreg1":[0.07049488553479001],"skew":[0.99],"shape":[4.768402548877915]}}
